players,strategies,max_error
2,2,1.2146552742351246e-17
2,3,7.955430946734736e-16
2,4,1.2631581044456482e-16
2,5,5.23358345331617e-16
2,6,3.5462820415096995e-16
2,7,3.2039654438425193e-16
2,8,2.050712617958334e-16
2,9,2.42238096201038e-16
2,10,4.909470212572927e-16
3,2,2.3822518125477794e-16
3,3,2.1219337623892993e-16
3,4,6.320690422635021e-16
3,5,1.1278622327090317e-15
3,6,8.139910869541803e-16
3,7,6.945995510972561e-16
3,8,1.1310098618858081e-15
3,9,8.476784304147883e-16
3,10,8.818339881169081e-16
4,2,8.823975784124312e-17
4,3,3.3492947820737997e-15
4,4,1.3028955347649829e-15
4,5,2.52977505225761e-15
4,6,2.3576749999423652e-15
4,7,6.056691518739938e-16
4,8,1.9811307971227018e-15
4,9,2.9025810520543552e-15
4,10,4.2241521899229025e-15
5,2,5.901748046923376e-16
5,3,1.5635123350849164e-15
5,4,7.747320741435655e-16
5,5,2.024418416641507e-15
5,6,3.639628634419931e-15
5,7,5.269454793990402e-15
5,8,2.3103909187531804e-15
5,9,3.2741777035554157e-15
5,10,2.5104054824459387e-15
6,2,7.281569677137238e-16
6,3,1.6987679542086869e-15
6,4,3.0623092547642288e-15
6,5,1.78559209770777e-15
6,6,2.5413759484729635e-15
6,7,7.599822591641253e-15
6,8,1.0248282952208732e-14
6,9,4.459090377456244e-15
6,10,7.969661963677842e-15
7,2,4.684409055691129e-16
7,3,5.516274745215372e-15
7,4,2.3213449891254103e-15
7,5,4.902583297882193e-15
7,6,3.997174645051309e-15
7,7,4.698540664528616e-15
7,8,2.695145100301207e-15
7,9,1.1079623183491861e-14
7,10,7.000439059576888e-15
8,2,6.654652028870918e-15
8,3,7.991467332820954e-14
8,4,1.6834896287603447e-14
8,5,2.9838010672470266e-14
8,6,1.5256322713321288e-14
8,7,1.357554741650216e-14
8,8,1.7821997182692913e-14
8,9,1.255311662321896e-14
8,10,9.43519060412059e-15
9,2,3.055253678868046e-15
9,3,2.0546250808356124e-14
9,4,3.598275686908481e-15
9,5,4.6858704308474485e-14
9,6,2.3965579342850364e-14
9,7,1.6253283759961133e-14
9,8,2.418293318897322e-14
9,9,3.7398577593647784e-14
9,10,3.786680278609065e-14
10,2,9.33199332942823e-15
10,3,9.595727019360066e-15
10,4,1.227299126871031e-14
10,5,5.755374634721477e-15
10,6,2.041962916506096e-14
10,7,1.3028947117334058e-14
10,8,8.603221240559867e-14
10,9,3.4457264568566694e-14
10,10,3.8230711056630036e-14
11,2,6.063723057364555e-14
11,3,1.3301447079118024e-14
11,4,2.6756418475937435e-14
11,5,3.9364332038574495e-14
11,6,2.8057838099333173e-14
11,7,2.8682867012038704e-14
11,8,8.697078114283423e-14
11,9,1.5033943724006578e-13
11,10,3.671060557161141e-14
12,2,2.6144570326083173e-15
12,3,9.092696602975772e-15
12,4,4.8162844618590794e-14
12,5,3.659377873753772e-14
12,6,1.830268651573508e-14
12,7,2.1940172623280613e-14
12,8,1.9296792288754747e-14
12,9,3.9691852861083305e-14
12,10,3.32637787144042e-14
13,2,3.699600476359329e-14
13,3,1.433207840481234e-14
13,4,3.5563336363087634e-14
13,5,4.4749444740510236e-14
13,6,5.3938196896007097e-14
13,7,2.1123745264041552e-14
13,8,4.5315995459404026e-14
13,9,4.2379175221907584e-14
13,10,4.9406633018490964e-14
14,2,5.845494214002834e-14
14,3,2.511165685156508e-14
14,4,2.58622006496659e-13
14,5,7.443822533350334e-14
14,6,3.4676196400122545e-14
14,7,4.729498990809567e-14
14,8,5.4350851132113674e-14
14,9,4.104247945425097e-14
14,10,3.671729245656886e-14
15,2,1.0516108235355055e-14
15,3,9.354997445317638e-15
15,4,6.757744353453812e-14
15,5,4.671847600863747e-14
15,6,4.207802696980237e-14
15,7,9.160932243016072e-14
15,8,1.0765341253845985e-13
15,9,6.86647455371054e-14
15,10,5.79765500790396e-14
16,2,8.041743188036779e-15
16,3,2.973403748509615e-14
16,4,1.3849478577015643e-14
16,5,4.4871752448863044e-14
16,6,5.3657411915796155e-14
16,7,1.5070029224192685e-13
16,8,1.2139958793324075e-13
16,9,3.708770636550704e-14
16,10,9.085658792218109e-14
17,2,1.654725604261703e-14
17,3,1.6807299419758884e-13
17,4,7.06809083466237e-14
17,5,7.949619983500909e-14
17,6,7.998787109471399e-14
17,7,9.521574981034934e-14
17,8,1.0287353458436172e-13
17,9,1.4237142740472334e-13
17,10,2.161748795378985e-13
18,2,9.470091284836056e-15
18,3,1.1747852196109287e-13
18,4,4.212091903587661e-14
18,5,1.1176349589378912e-13
18,6,1.6245483866308485e-13
18,7,1.2372535131151966e-13
18,8,4.7329829828901937e-14
18,9,1.306408553549641e-13
18,10,9.58300075136413e-14
19,2,5.077441981065167e-14
19,3,6.847773922857091e-14
19,4,1.8374331533921092e-13
19,5,3.135772435099668e-14
19,6,1.1104476304901616e-13
19,7,4.0166751984043703e-13
19,8,1.2338019900201072e-13
19,9,9.86560288035598e-14
19,10,9.952251756376526e-14
20,2,1.169979135520214e-14
20,3,1.4064422086586423e-14
20,4,5.446068054165018e-14
20,5,5.574159085331743e-14
20,6,9.695086022899524e-14
20,7,1.1434371830999358e-13
20,8,6.379224747759727e-14
20,9,1.1149032940282146e-13
20,10,1.0065179387819132e-13
21,2,1.0075830259726745e-13
21,3,1.0050348885757541e-13
21,4,4.907848133052017e-14
21,5,5.707552500273157e-14
21,6,6.237117265730573e-14
21,7,7.584638755830342e-14
21,8,5.0697740679365753e-14
21,9,8.313627195226854e-14
21,10,9.365502506536223e-14
22,2,5.712520970143718e-14
22,3,1.584276534294632e-13
22,4,2.1715163879113132e-13
22,5,2.418768715730375e-13
22,6,7.010198774912364e-13
22,7,2.3633663080606433e-13
22,8,2.1195191482883388e-13
22,9,2.564795572239415e-13
22,10,2.7826998615906235e-13
23,2,1.8377817067502448e-13
23,3,3.387275176857105e-14
23,4,6.281747474382036e-14
23,5,1.6490200054284316e-13
23,6,1.616633146962092e-13
23,7,3.0840431330458445e-13
23,8,2.8805871878096475e-13
23,9,3.254717850378134e-13
23,10,1.9777893962565168e-13
24,2,1.8750083662551857e-14
24,3,3.523435274116287e-14
24,4,4.805660545269084e-13
24,5,1.4740309817462835e-13
24,6,7.089529850271332e-13
24,7,8.707762941785398e-14
24,8,4.568358984931828e-13
24,9,5.571222017010661e-13
24,10,3.218492049482007e-13
25,2,1.1642030631255216e-12
25,3,2.3176606529054835e-13
25,4,4.389116294224375e-13
25,5,6.935487447807003e-13
25,6,5.59663262820281e-13
25,7,3.422516668814863e-13
25,8,6.199990035918992e-13
25,9,5.682066992909783e-13
25,10,NaN
26,2,2.423811806765506e-14
26,3,5.105275313384483e-14
26,4,1.4087962137685558e-13
26,5,1.1384786329110884e-13
26,6,2.5043312649764363e-13
26,7,3.132141412692274e-13
26,8,6.696203198458724e-13
26,9,6.518670095606938e-13
26,10,NaN
27,2,3.599543148361519e-14
27,3,1.3910874280063113e-13
27,4,1.6746525150229411e-13
27,5,7.501837657999652e-14
27,6,9.551308925439317e-14
27,7,2.0302213866132344e-13
27,8,5.768626857992521e-13
27,9,1.256319106142751e-13
27,10,NaN
28,2,8.37343514394238e-12
28,3,1.0633074095983795e-13
28,4,6.541887344834949e-13
28,5,3.279283513857207e-13
28,6,8.137377981283526e-13
28,7,9.894836719237781e-13
28,8,8.715768481846436e-13
28,9,4.425832933996119e-13
28,10,NaN
29,2,1.6026675430217911e-12
29,3,1.8424853888171104e-13
29,4,1.2973542271956725e-13
29,5,8.945524947341558e-14
29,6,7.615715617262405e-13
29,7,3.779130929301581e-13
29,8,4.630012082882204e-13
29,9,7.829097519666603e-13
29,10,NaN
30,2,7.540141197907068e-13
30,3,6.936018405050691e-14
30,4,1.6289843446414297e-13
30,5,5.81316011738627e-13
30,6,3.9450224031000445e-13
30,7,4.3525791465202776e-13
30,8,4.601336644100828e-13
30,9,NaN
30,10,NaN
31,2,2.5086044438000186e-14
31,3,2.6719660214016037e-13
31,4,9.504227443778326e-13
31,5,1.9572158054862653e-12
31,6,5.072130026318372e-13
31,7,4.0614413280073887e-13
31,8,4.631768298623862e-13
31,9,NaN
31,10,NaN
32,2,1.4494048105651442e-11
32,3,9.907278666091868e-13
32,4,2.0205573251421343e-13
32,5,6.205348289606424e-13
32,6,1.1836594789919243e-12
32,7,6.601183693817073e-13
32,8,1.260129770510329e-12
32,9,NaN
32,10,NaN
33,2,7.241309014712891e-14
33,3,3.684692249574331e-13
33,4,1.8601584421859256e-12
33,5,2.048457233133482e-12
33,6,6.307976418219243e-13
33,7,9.341005890953947e-13
33,8,2.1454488406423384e-12
33,9,NaN
33,10,NaN
34,2,2.184570563568758e-13
34,3,7.155654646329904e-13
34,4,5.215249082616555e-13
34,5,1.400909003354084e-12
34,6,1.3235974483915712e-12
34,7,7.707455928653847e-13
34,8,1.509772599250017e-12
34,9,NaN
34,10,NaN
35,2,3.6401536491646255e-13
35,3,4.08145511231322e-13
35,4,8.561212072186659e-13
35,5,1.1203700481513467e-12
35,6,1.3388718038706066e-12
35,7,7.272854512102632e-13
35,8,8.231285354325586e-13
35,9,NaN
35,10,NaN
36,2,1.0733985325005469e-13
36,3,1.9284071219234982e-13
36,4,1.0113795346101763e-12
36,5,2.9213634575212657e-13
36,6,5.490027074294957e-13
36,7,1.4487282730974846e-12
36,8,8.989432257105538e-13
36,9,NaN
36,10,NaN
37,2,2.742800123486623e-13
37,3,4.2720726952783987e-13
37,4,2.3504297027327902e-12
37,5,6.774276979267618e-13
37,6,4.0657235778335966e-13
37,7,8.506711290402857e-13
37,8,1.1139815532105607e-12
37,9,NaN
37,10,NaN
38,2,4.5061505942511074e-13
38,3,1.784119446211854e-13
38,4,5.683485122499299e-13
38,5,4.3936651938602236e-13
38,6,2.6863764604948966e-13
38,7,1.2790059039250476e-12
38,8,2.495558583732844e-12
38,9,NaN
38,10,NaN
39,2,1.160196439897707e-13
39,3,9.909090753900139e-12
39,4,1.8337368918544072e-12
39,5,9.045605569735343e-13
39,6,2.0336211140068793e-12
39,7,7.51059951490622e-12
39,8,NaN
39,9,NaN
39,10,NaN
40,2,1.6583145051041228e-13
40,3,1.173894901449063e-12
40,4,2.65164332747208e-13
40,5,1.7640761994266977e-12
40,6,9.458750872896948e-13
40,7,9.778026708351792e-13
40,8,NaN
40,9,NaN
40,10,NaN
41,2,2.5711667595594214e-12
41,3,4.204641438822652e-13
41,4,7.111043194916488e-13
41,5,3.0324246529290025e-12
41,6,6.0683840307592e-13
41,7,3.048114507021293e-12
41,8,NaN
41,9,NaN
41,10,NaN
42,2,5.711604284264807e-12
42,3,2.4961254012886007e-12
42,4,8.493265314371823e-13
42,5,4.986167491832976e-13
42,6,1.6499621041850682e-12
42,7,1.1162443027714638e-12
42,8,NaN
42,9,NaN
42,10,NaN
43,2,1.3020741220449036e-13
43,3,5.176622303250469e-13
43,4,5.275617152378062e-13
43,5,1.8805755222124905e-12
43,6,2.6232141679829437e-12
43,7,9.763337490723058e-12
43,8,NaN
43,9,NaN
43,10,NaN
44,2,6.47048251190875e-13
44,3,3.2253857169160804e-12
44,4,2.2673240912112593e-12
44,5,3.3648842467589235e-12
44,6,8.46478751635178e-12
44,7,3.3077623490786567e-12
44,8,NaN
44,9,NaN
44,10,NaN
45,2,7.025014367217989e-13
45,3,1.5609037342717418e-13
45,4,9.4111287901392e-13
45,5,1.0085098232934672e-12
45,6,2.1217593261393452e-12
45,7,9.52919042175112e-12
45,8,NaN
45,9,NaN
45,10,NaN
46,2,7.136703983911182e-13
46,3,1.0614722048036017e-13
46,4,1.5900798280113404e-12
46,5,4.979856140760978e-13
46,6,2.800927944570419e-12
46,7,5.9329273561639705e-12
46,8,NaN
46,9,NaN
46,10,NaN
47,2,4.779942767946604e-13
47,3,1.087597039379552e-12
47,4,1.3696411544686933e-12
47,5,6.741022203974632e-12
47,6,6.865413734977703e-13
47,7,1.303710522253394e-11
47,8,NaN
47,9,NaN
47,10,NaN
48,2,1.3544422616690561e-11
48,3,5.930166537639559e-12
48,4,2.4460663672694917e-12
48,5,4.441206529063257e-12
48,6,3.3514516584409516e-12
48,7,1.604283579798441e-11
48,8,NaN
48,9,NaN
48,10,NaN
49,2,5.065502661933302e-13
49,3,2.4381592562207946e-11
49,4,4.239044222860606e-12
49,5,2.2486267577164574e-12
49,6,4.950076691060105e-12
49,7,3.6094838450827573e-12
49,8,NaN
49,9,NaN
49,10,NaN
50,2,9.022691130350852e-13
50,3,1.6308524516570096e-12
50,4,6.6433291240531674e-12
50,5,7.317865945579934e-12
50,6,1.1048016674058752e-11
50,7,1.7984221954439916e-11
50,8,NaN
50,9,NaN
50,10,NaN
51,2,4.2198340610667124e-14
51,3,3.302865048330277e-12
51,4,6.970528355205268e-13
51,5,1.387930528570462e-12
51,6,3.71744413645708e-12
51,7,1.1440078349729749e-11
51,8,NaN
51,9,NaN
51,10,NaN
52,2,3.323722574950762e-13
52,3,7.077135183721364e-13
52,4,2.4516774968222357e-11
52,5,1.5022829731582756e-11
52,6,6.327375396343536e-12
52,7,2.732030329256093e-12
52,8,NaN
52,9,NaN
52,10,NaN
53,2,1.1176274153263516e-12
53,3,7.635730672519373e-12
53,4,3.059080836426347e-12
53,5,5.4987885925254625e-12
53,6,5.9326422327517665e-12
53,7,1.2133182603639522e-11
53,8,NaN
53,9,NaN
53,10,NaN
54,2,3.594324616475123e-13
54,3,1.6156783022542372e-13
54,4,9.314672794107786e-12
54,5,5.7140609097170325e-12
54,6,1.3114167634964831e-11
54,7,1.8339017209599502e-11
54,8,NaN
54,9,NaN
54,10,NaN
55,2,6.833303688824312e-13
55,3,7.083284243993474e-12
55,4,1.3642873628590766e-11
55,5,1.007864606306864e-11
55,6,7.433030920778012e-12
55,7,NaN
55,8,NaN
55,9,NaN
55,10,NaN
56,2,4.048874698111791e-11
56,3,2.1521283537006347e-12
56,4,2.3890616509228597e-11
56,5,1.0153697250370382e-11
56,6,4.530528256105277e-11
56,7,NaN
56,8,NaN
56,9,NaN
56,10,NaN
57,2,9.975403299831165e-13
57,3,2.381163749689867e-11
57,4,2.494394334967142e-12
57,5,3.7890833644266293e-11
57,6,7.644498868252785e-12
57,7,NaN
57,8,NaN
57,9,NaN
57,10,NaN
58,2,4.580642402637847e-13
58,3,7.095327823990484e-11
58,4,1.8325649038906077e-11
58,5,1.4938519867372734e-11
58,6,1.549648539947825e-11
58,7,NaN
58,8,NaN
58,9,NaN
58,10,NaN
59,2,1.7145773414556884e-13
59,3,1.495596198841021e-11
59,4,4.846304755948009e-12
59,5,1.0036511421550689e-11
59,6,1.768533327941693e-11
59,7,NaN
59,8,NaN
59,9,NaN
59,10,NaN
60,2,3.3485807877673194e-12
60,3,9.323579089357158e-12
60,4,4.622967056305669e-12
60,5,3.5900786810587274e-11
60,6,2.222678717044668e-11
60,7,NaN
60,8,NaN
60,9,NaN
60,10,NaN
61,2,9.352152173313947e-13
61,3,2.260139889019663e-12
61,4,1.1869718396224766e-12
61,5,2.3537107905937365e-11
61,6,7.288055402294334e-12
61,7,NaN
61,8,NaN
61,9,NaN
61,10,NaN
62,2,1.1023612545560524e-10
62,3,1.851806797376467e-11
62,4,2.942381255687671e-11
62,5,3.659508522140607e-11
62,6,8.748928547706102e-11
62,7,NaN
62,8,NaN
62,9,NaN
62,10,NaN
63,2,5.4752217644841195e-12
63,3,9.5816295832862e-12
63,4,1.1881159753535246e-11
63,5,1.8516983170826133e-11
63,6,3.3096540661399104e-11
63,7,NaN
63,8,NaN
63,9,NaN
63,10,NaN
64,2,1.048462270715732e-11
64,3,9.910513674731475e-12
64,4,1.70295486410682e-11
64,5,2.614030612455851e-11
64,6,1.5597480975326407e-11
64,7,NaN
64,8,NaN
64,9,NaN
64,10,NaN
65,2,1.2413724116398392e-11
65,3,4.4102096583712074e-11
65,4,2.838649632649576e-11
65,5,2.8573961622265738e-11
65,6,1.457797432926738e-11
65,7,NaN
65,8,NaN
65,9,NaN
65,10,NaN
66,2,6.142946829469007e-13
66,3,1.4114158630872268e-11
66,4,7.15998155262155e-11
66,5,1.102396949646753e-11
66,6,5.769826117301189e-11
66,7,NaN
66,8,NaN
66,9,NaN
66,10,NaN
67,2,1.6838984564256704e-11
67,3,2.3905006221552864e-11
67,4,2.4736811553731692e-12
67,5,9.475844307140437e-12
67,6,1.6965312145893136e-11
67,7,NaN
67,8,NaN
67,9,NaN
67,10,NaN
68,2,1.390804698973914e-12
68,3,7.214393593324441e-12
68,4,3.17523976121787e-11
68,5,3.3449936813953284e-11
68,6,2.0899079016336014e-11
68,7,NaN
68,8,NaN
68,9,NaN
68,10,NaN
69,2,1.919891419460978e-13
69,3,1.5338682738869166e-11
69,4,1.585234022206675e-11
69,5,8.657848063904416e-12
69,6,6.954594411232869e-12
69,7,NaN
69,8,NaN
69,9,NaN
69,10,NaN
70,2,5.277083349749314e-12
70,3,5.621614358633768e-12
70,4,5.538793617811452e-11
70,5,7.874362296123261e-11
70,6,5.13517552852686e-11
70,7,NaN
70,8,NaN
70,9,NaN
70,10,NaN
71,2,1.1492819529473714e-13
71,3,2.2789217338952482e-12
71,4,1.9545602217234096e-11
71,5,3.4216483579540326e-12
71,6,5.848645498341781e-12
71,7,NaN
71,8,NaN
71,9,NaN
71,10,NaN
72,2,3.5998388583097024e-12
72,3,1.2408363377644254e-11
72,4,3.023103190396842e-12
72,5,9.027206774933357e-11
72,6,6.843792490505079e-12
72,7,NaN
72,8,NaN
72,9,NaN
72,10,NaN
73,2,3.916486017310894e-11
73,3,5.3235728806405265e-11
73,4,1.531257375017963e-11
73,5,9.301976791854292e-12
73,6,2.0478790911453715e-11
73,7,NaN
73,8,NaN
73,9,NaN
73,10,NaN
74,2,4.287329549755063e-12
74,3,9.723354714517753e-11
74,4,2.3735366120043873e-11
74,5,2.670508823660672e-10
74,6,2.7924189502933283e-11
74,7,NaN
74,8,NaN
74,9,NaN
74,10,NaN
75,2,1.3905425599256802e-12
75,3,3.413581182205803e-11
75,4,2.733293975614722e-11
75,5,2.0545257617657958e-10
75,6,4.494148170534921e-11
75,7,NaN
75,8,NaN
75,9,NaN
75,10,NaN
76,2,8.186525810908269e-12
76,3,4.21332087831597e-11
76,4,1.6079043048607195e-11
76,5,7.998909415377863e-12
76,6,3.109584316411374e-11
76,7,NaN
76,8,NaN
76,9,NaN
76,10,NaN
77,2,5.83045456887183e-11
77,3,6.2799291819258405e-12
77,4,2.8457694386845797e-11
77,5,6.309669102925143e-12
77,6,1.0976634902317373e-10
77,7,NaN
77,8,NaN
77,9,NaN
77,10,NaN
78,2,2.4617883118326324e-10
78,3,1.4307120251882462e-10
78,4,3.218436723912822e-11
78,5,1.5804911045176832e-11
78,6,3.9201689627460196e-11
78,7,NaN
78,8,NaN
78,9,NaN
78,10,NaN
79,2,4.849260634650613e-10
79,3,2.8819856156349512e-11
79,4,2.934118477918443e-11
79,5,1.7956149252659148e-10
79,6,1.836685162260573e-11
79,7,NaN
79,8,NaN
79,9,NaN
79,10,NaN
80,2,1.0140460738394508e-10
80,3,9.40112667848477e-11
80,4,8.633053198448444e-11
80,5,1.3125563221928881e-11
80,6,1.107816546696659e-10
80,7,NaN
80,8,NaN
80,9,NaN
80,10,NaN
81,2,1.425297539280369e-13
81,3,3.038237634947746e-11
81,4,6.070735695153537e-11
81,5,7.681810843078154e-11
81,6,6.825179152793999e-11
81,7,NaN
81,8,NaN
81,9,NaN
81,10,NaN
82,2,2.2577765831894592e-11
82,3,4.031374322502473e-11
82,4,1.2860167164474737e-10
82,5,9.550611687087628e-11
82,6,1.4882298804683416e-11
82,7,NaN
82,8,NaN
82,9,NaN
82,10,NaN
83,2,7.681111441675439e-11
83,3,1.0924080448281616e-10
83,4,7.253193527106028e-11
83,5,6.963448899900411e-11
83,6,6.923778971842692e-11
83,7,NaN
83,8,NaN
83,9,NaN
83,10,NaN
84,2,3.642445329710804e-10
84,3,6.862702293191711e-11
84,4,5.041850114305868e-12
84,5,2.828516076150424e-11
84,6,2.0282309832114252e-11
84,7,NaN
84,8,NaN
84,9,NaN
84,10,NaN
85,2,2.9834852648478334e-12
85,3,3.1080441063669345e-12
85,4,1.0629005100928842e-11
85,5,2.6095611768142598e-11
85,6,1.0667146207097235e-10
85,7,NaN
85,8,NaN
85,9,NaN
85,10,NaN
86,2,6.345234419671323e-13
86,3,1.6890480206647506e-11
86,4,3.641105527207197e-11
86,5,1.1185324141021017e-10
86,6,7.947068823468014e-11
86,7,NaN
86,8,NaN
86,9,NaN
86,10,NaN
87,2,1.1266743145224235e-11
87,3,4.258246214336467e-12
87,4,3.401504981339179e-11
87,5,7.535705222923288e-11
87,6,7.683362670394469e-11
87,7,NaN
87,8,NaN
87,9,NaN
87,10,NaN
88,2,3.942925602570269e-11
88,3,4.6175832949301616e-11
88,4,8.926661631321865e-11
88,5,1.5107497809777693e-10
88,6,3.583229302848833e-11
88,7,NaN
88,8,NaN
88,9,NaN
88,10,NaN
89,2,4.862738055018857e-11
89,3,4.8675701665863203e-11
89,4,7.530869928312776e-11
89,5,1.329298148004864e-10
89,6,5.060152407675763e-11
89,7,NaN
89,8,NaN
89,9,NaN
89,10,NaN
90,2,1.9007947930501735e-11
90,3,1.4624402739035058e-12
90,4,3.595073691153392e-11
90,5,1.3362937294420989e-11
90,6,5.6821646816352945e-11
90,7,NaN
90,8,NaN
90,9,NaN
90,10,NaN
91,2,4.085724544892952e-14
91,3,1.442373692594147e-11
91,4,9.563755309084434e-11
91,5,2.720483759197369e-10
91,6,NaN
91,7,NaN
91,8,NaN
91,9,NaN
91,10,NaN
92,2,1.0937008331963411e-10
92,3,1.97572326986401e-11
92,4,2.4939677228255855e-10
92,5,1.864842398140542e-10
92,6,NaN
92,7,NaN
92,8,NaN
92,9,NaN
92,10,NaN
93,2,4.0083352179240445e-12
93,3,1.6544920880397767e-11
93,4,1.6367902427007085e-10
93,5,1.2517046844805851e-10
93,6,NaN
93,7,NaN
93,8,NaN
93,9,NaN
93,10,NaN
94,2,2.105737511451802e-11
94,3,3.134643605678325e-11
94,4,5.165827881536393e-11
94,5,4.5041495760924534e-10
94,6,NaN
94,7,NaN
94,8,NaN
94,9,NaN
94,10,NaN
95,2,6.727739150124836e-12
95,3,4.3813994809095556e-11
95,4,5.6868630696208166e-11
95,5,5.52863087203989e-11
95,6,NaN
95,7,NaN
95,8,NaN
95,9,NaN
95,10,NaN
96,2,6.525791579961591e-12
96,3,1.0982881538374753e-10
96,4,1.6427201249494625e-11
96,5,3.6644989688987036e-10
96,6,NaN
96,7,NaN
96,8,NaN
96,9,NaN
96,10,NaN
97,2,4.924595958767324e-12
97,3,5.1056468442508306e-12
97,4,5.346782409509841e-11
97,5,2.564825042152372e-10
97,6,NaN
97,7,NaN
97,8,NaN
97,9,NaN
97,10,NaN
98,2,7.029486867697816e-11
98,3,3.473066669427299e-11
98,4,2.8955118953276117e-12
98,5,1.0041470949722971e-11
98,6,NaN
98,7,NaN
98,8,NaN
98,9,NaN
98,10,NaN
99,2,1.0719399537841668e-11
99,3,1.1007337988468431e-11
99,4,5.0561598456986104e-11
99,5,1.090481552992644e-11
99,6,NaN
99,7,NaN
99,8,NaN
99,9,NaN
99,10,NaN
100,2,4.737987869253291e-9
100,3,1.6209027964498056e-10
100,4,1.0850437899915183e-10
100,5,1.6570430493839444e-10
100,6,NaN
100,7,NaN
100,8,NaN
100,9,NaN
100,10,NaN
101,2,4.5152284214021856e-11
101,3,1.3105521750096e-10
101,4,9.321469126717401e-11
101,5,9.852936124268391e-10
101,6,NaN
101,7,NaN
101,8,NaN
101,9,NaN
101,10,NaN
102,2,2.3804014288854984e-11
102,3,1.560153795017277e-10
102,4,3.2365737566939745e-11
102,5,8.729777831920572e-11
102,6,NaN
102,7,NaN
102,8,NaN
102,9,NaN
102,10,NaN
103,2,6.044390087045633e-12
103,3,6.145994776216802e-11
103,4,3.131270946967202e-11
103,5,1.6843972789917887e-10
103,6,NaN
103,7,NaN
103,8,NaN
103,9,NaN
103,10,NaN
104,2,4.5612694127135355e-11
104,3,1.3878877971749726e-10
104,4,7.066183721645965e-11
104,5,2.064817885287697e-10
104,6,NaN
104,7,NaN
104,8,NaN
104,9,NaN
104,10,NaN
105,2,4.52925528040149e-11
105,3,5.426985084072967e-10
105,4,1.0730512672483487e-9
105,5,2.2656608417094616e-9
105,6,NaN
105,7,NaN
105,8,NaN
105,9,NaN
105,10,NaN
106,2,5.006692500349314e-13
106,3,7.944105540065382e-11
106,4,3.911898742665674e-10
106,5,2.5956973626175977e-10
106,6,NaN
106,7,NaN
106,8,NaN
106,9,NaN
106,10,NaN
107,2,6.247979005896964e-11
107,3,1.1822088117889222e-10
107,4,6.197388347494598e-11
107,5,2.4307802748435797e-10
107,6,NaN
107,7,NaN
107,8,NaN
107,9,NaN
107,10,NaN
108,2,8.627017623243595e-12
108,3,4.839354716070299e-10
108,4,1.3950115247297182e-10
108,5,1.233524339648531e-10
108,6,NaN
108,7,NaN
108,8,NaN
108,9,NaN
108,10,NaN
109,2,5.208126327311391e-11
109,3,8.159727374739264e-11
109,4,9.279845486984447e-11
109,5,3.9027995568617783e-10
109,6,NaN
109,7,NaN
109,8,NaN
109,9,NaN
109,10,NaN
110,2,1.7574467024293284e-10
110,3,6.5033581633287694e-9
110,4,5.88743750454006e-10
110,5,3.871993611174909e-10
110,6,NaN
110,7,NaN
110,8,NaN
110,9,NaN
110,10,NaN
111,2,1.8526259518722502e-11
111,3,3.83828895055957e-10
111,4,3.489095931524852e-10
111,5,1.5925878415949358e-10
111,6,NaN
111,7,NaN
111,8,NaN
111,9,NaN
111,10,NaN
112,2,1.6719692780747054e-10
112,3,3.8305878431806995e-11
112,4,3.0759979650169395e-10
112,5,8.940568584768447e-11
112,6,NaN
112,7,NaN
112,8,NaN
112,9,NaN
112,10,NaN
113,2,1.8204048599458073e-10
113,3,4.3195537839245174e-10
113,4,3.066105915457184e-10
113,5,9.319506720485822e-10
113,6,NaN
113,7,NaN
113,8,NaN
113,9,NaN
113,10,NaN
114,2,2.6296819563711234e-10
114,3,1.531919412093321e-10
114,4,2.0175344217535985e-9
114,5,3.626316673571114e-10
114,6,NaN
114,7,NaN
114,8,NaN
114,9,NaN
114,10,NaN
115,2,9.832471469687866e-13
115,3,2.635136483395105e-10
115,4,6.711613632157808e-11
115,5,2.865682648644011e-10
115,6,NaN
115,7,NaN
115,8,NaN
115,9,NaN
115,10,NaN
116,2,3.60908934968939e-11
116,3,8.730269932042238e-11
116,4,1.3937173879450301e-11
116,5,3.24816406003638e-10
116,6,NaN
116,7,NaN
116,8,NaN
116,9,NaN
116,10,NaN
117,2,3.049420997046533e-11
117,3,1.7071552545328094e-10
117,4,4.888041924847555e-10
117,5,8.70358480981047e-10
117,6,NaN
117,7,NaN
117,8,NaN
117,9,NaN
117,10,NaN
118,2,2.921473737490215e-11
118,3,2.7222027379339087e-10
118,4,8.153240493783677e-10
118,5,1.3313504640851685e-9
118,6,NaN
118,7,NaN
118,8,NaN
118,9,NaN
118,10,NaN
119,2,1.7057658714252236e-10
119,3,3.3382124878271256e-10
119,4,9.626185190441796e-11
119,5,6.740659973602025e-10
119,6,NaN
119,7,NaN
119,8,NaN
119,9,NaN
119,10,NaN
120,2,1.5299462912416283e-11
120,3,6.058481572008623e-11
120,4,1.0127771885203641e-10
120,5,2.2394287520445973e-10
120,6,NaN
120,7,NaN
120,8,NaN
120,9,NaN
120,10,NaN
121,2,2.81817586836599e-10
121,3,2.3770093637611426e-10
121,4,7.733148129673493e-10
121,5,1.1871430295139873e-9
121,6,NaN
121,7,NaN
121,8,NaN
121,9,NaN
121,10,NaN
122,2,1.2716109542599936e-10
122,3,1.57913870393113e-10
122,4,4.2858286962594226e-10
122,5,5.865361063848162e-10
122,6,NaN
122,7,NaN
122,8,NaN
122,9,NaN
122,10,NaN
123,2,9.25063926061001e-11
123,3,1.6593245849458582e-10
123,4,1.9807744374938751e-10
123,5,8.318966202224992e-11
123,6,NaN
123,7,NaN
123,8,NaN
123,9,NaN
123,10,NaN
124,2,3.0081368066667973e-10
124,3,7.646153223762983e-10
124,4,7.411429316623479e-10
124,5,1.3919474131559333e-9
124,6,NaN
124,7,NaN
124,8,NaN
124,9,NaN
124,10,NaN
125,2,5.0066740980419944e-11
125,3,4.765162169979171e-10
125,4,5.3743722345148274e-11
125,5,3.5989302911916924e-11
125,6,NaN
125,7,NaN
125,8,NaN
125,9,NaN
125,10,NaN
126,2,1.9126042105143544e-11
126,3,3.1162452167339427e-10
126,4,4.131634660820143e-9
126,5,7.386463828945962e-10
126,6,NaN
126,7,NaN
126,8,NaN
126,9,NaN
126,10,NaN
127,2,2.7453507122855205e-11
127,3,3.501877721741705e-11
127,4,2.163340904876282e-10
127,5,8.521821999392293e-10
127,6,NaN
127,7,NaN
127,8,NaN
127,9,NaN
127,10,NaN
128,2,3.283879463429037e-11
128,3,4.3379515238055796e-11
128,4,9.739971153397307e-11
128,5,3.640153884430466e-10
128,6,NaN
128,7,NaN
128,8,NaN
128,9,NaN
128,10,NaN
129,2,1.3025324234257955e-9
129,3,3.0200285299877857e-10
129,4,1.4575347346871317e-9
129,5,1.332839595049685e-9
129,6,NaN
129,7,NaN
129,8,NaN
129,9,NaN
129,10,NaN
130,2,1.586969936511187e-11
130,3,3.183226588173029e-9
130,4,4.099094436889742e-10
130,5,1.013777859536036e-9
130,6,NaN
130,7,NaN
130,8,NaN
130,9,NaN
130,10,NaN
131,2,3.093769484717698e-11
131,3,2.319809615021956e-10
131,4,9.46560275975952e-10
131,5,1.2163649188610141e-10
131,6,NaN
131,7,NaN
131,8,NaN
131,9,NaN
131,10,NaN
132,2,1.5016511904095153e-10
132,3,1.0733228777049003e-9
132,4,1.6997916651779227e-9
132,5,4.3293516249585667e-10
132,6,NaN
132,7,NaN
132,8,NaN
132,9,NaN
132,10,NaN
133,2,3.847779117506298e-9
133,3,1.0185111920455536e-10
133,4,6.224893123235706e-11
133,5,1.403236064683759e-9
133,6,NaN
133,7,NaN
133,8,NaN
133,9,NaN
133,10,NaN
134,2,3.31423236781154e-11
134,3,1.2946754961200358e-10
134,4,4.5793239993769405e-10
134,5,2.3204784867308807e-10
134,6,NaN
134,7,NaN
134,8,NaN
134,9,NaN
134,10,NaN
135,2,2.9629970758196163e-8
135,3,3.353894236623869e-9
135,4,1.935726859891578e-10
135,5,2.0813176629583977e-9
135,6,NaN
135,7,NaN
135,8,NaN
135,9,NaN
135,10,NaN
136,2,1.2127357657984375e-12
136,3,2.949950780275854e-9
136,4,7.305100129161863e-10
136,5,1.638079450640903e-9
136,6,NaN
136,7,NaN
136,8,NaN
136,9,NaN
136,10,NaN
137,2,5.223814643882962e-10
137,3,2.7798380233620437e-10
137,4,3.7691863601226496e-10
137,5,5.087609179298164e-10
137,6,NaN
137,7,NaN
137,8,NaN
137,9,NaN
137,10,NaN
138,2,6.816556105091894e-11
138,3,5.934631538043247e-11
138,4,3.399092051565209e-10
138,5,3.020946794049908e-10
138,6,NaN
138,7,NaN
138,8,NaN
138,9,NaN
138,10,NaN
139,2,5.361913450576042e-9
139,3,7.663485603008226e-10
139,4,2.0214672729194696e-10
139,5,4.931226187563685e-10
139,6,NaN
139,7,NaN
139,8,NaN
139,9,NaN
139,10,NaN
140,2,1.2590978352953815e-9
140,3,8.858094397239687e-10
140,4,6.603456424136513e-10
140,5,6.790568601853571e-10
140,6,NaN
140,7,NaN
140,8,NaN
140,9,NaN
140,10,NaN
141,2,3.145935655890016e-10
141,3,1.8875123691809943e-10
141,4,8.614909948557005e-10
141,5,2.6337011333886752e-9
141,6,NaN
141,7,NaN
141,8,NaN
141,9,NaN
141,10,NaN
142,2,1.0561297997580214e-9
142,3,2.317337411070283e-9
142,4,7.064878679241641e-10
142,5,1.5012682399183992e-9
142,6,NaN
142,7,NaN
142,8,NaN
142,9,NaN
142,10,NaN
143,2,4.066109220076165e-10
143,3,9.81393741536934e-10
143,4,6.333769772717421e-10
143,5,1.650451969638727e-9
143,6,NaN
143,7,NaN
143,8,NaN
143,9,NaN
143,10,NaN
144,2,1.9093119242538313e-10
144,3,8.229476570763182e-10
144,4,2.0840547139091303e-10
144,5,6.680464611276835e-10
144,6,NaN
144,7,NaN
144,8,NaN
144,9,NaN
144,10,NaN
145,2,1.73368949536693e-11
145,3,1.488854711983041e-10
145,4,3.485084681531266e-10
145,5,3.775988819406779e-10
145,6,NaN
145,7,NaN
145,8,NaN
145,9,NaN
145,10,NaN
146,2,8.444776357023389e-10
146,3,6.715791309253965e-11
146,4,1.758437966820153e-9
146,5,2.1971874884410567e-9
146,6,NaN
146,7,NaN
146,8,NaN
146,9,NaN
146,10,NaN
147,2,1.3613600308434704e-9
147,3,2.462803474916461e-9
147,4,2.9372913788058815e-9
147,5,4.571390011811044e-9
147,6,NaN
147,7,NaN
147,8,NaN
147,9,NaN
147,10,NaN
148,2,5.2568589754636516e-11
148,3,2.1219767970116177e-9
148,4,4.124217747060438e-10
148,5,6.836329656567614e-10
148,6,NaN
148,7,NaN
148,8,NaN
148,9,NaN
148,10,NaN
149,2,2.256504539858892e-9
149,3,6.330278921100359e-10
149,4,1.160793985154579e-9
149,5,4.0301967795448e-10
149,6,NaN
149,7,NaN
149,8,NaN
149,9,NaN
149,10,NaN
150,2,2.913055400793329e-11
150,3,2.4184754806479518e-11
150,4,1.5465728761614084e-10
150,5,6.264038005363181e-10
150,6,NaN
150,7,NaN
150,8,NaN
150,9,NaN
150,10,NaN
151,2,3.8895808975069e-11
151,3,8.402269611931085e-10
151,4,1.1218183129889244e-8
151,5,2.305187359015268e-9
151,6,NaN
151,7,NaN
151,8,NaN
151,9,NaN
151,10,NaN
152,2,4.587115854473586e-10
152,3,4.460263655653288e-10
152,4,1.2446553782227874e-9
152,5,1.5265389656725168e-10
152,6,NaN
152,7,NaN
152,8,NaN
152,9,NaN
152,10,NaN
153,2,3.490023582708264e-11
153,3,4.754822558445875e-11
153,4,1.0333855620872136e-9
153,5,2.0134999152603847e-9
153,6,NaN
153,7,NaN
153,8,NaN
153,9,NaN
153,10,NaN
154,2,6.970634042285159e-12
154,3,4.6548668939944387e-10
154,4,1.4582219896364325e-9
154,5,1.5912047369706147e-11
154,6,NaN
154,7,NaN
154,8,NaN
154,9,NaN
154,10,NaN
155,2,3.358761999050976e-10
155,3,5.659962769522975e-10
155,4,1.5539613331924312e-9
155,5,2.2955120947323777e-9
155,6,NaN
155,7,NaN
155,8,NaN
155,9,NaN
155,10,NaN
156,2,2.2950478540690744e-11
156,3,1.0020612617472619e-9
156,4,1.7917304589595831e-9
156,5,3.765330511669706e-9
156,6,NaN
156,7,NaN
156,8,NaN
156,9,NaN
156,10,NaN
157,2,8.211498195356548e-10
157,3,1.857893858229698e-10
157,4,2.7630236405536683e-10
157,5,2.384136008550609e-10
157,6,NaN
157,7,NaN
157,8,NaN
157,9,NaN
157,10,NaN
158,2,1.3754467811718862e-8
158,3,1.1346595553776825e-9
158,4,1.4841301203517762e-9
158,5,5.92638155857144e-9
158,6,NaN
158,7,NaN
158,8,NaN
158,9,NaN
158,10,NaN
159,2,1.1159856677518874e-11
159,3,4.44826188584205e-9
159,4,3.4672515224378465e-10
159,5,7.391354429469784e-11
159,6,NaN
159,7,NaN
159,8,NaN
159,9,NaN
159,10,NaN
160,2,3.6995773193214285e-10
160,3,2.6535537630312575e-11
160,4,3.086116902381983e-11
160,5,5.520172146819539e-10
160,6,NaN
160,7,NaN
160,8,NaN
160,9,NaN
160,10,NaN
161,2,1.795011716505349e-10
161,3,6.0351922579435734e-9
161,4,3.9306587846946706e-10
161,5,9.297050552339966e-10
161,6,NaN
161,7,NaN
161,8,NaN
161,9,NaN
161,10,NaN
162,2,6.8561355218612335e-9
162,3,2.1931913020543147e-10
162,4,1.0171894550574234e-8
162,5,1.6073454992312612e-9
162,6,NaN
162,7,NaN
162,8,NaN
162,9,NaN
162,10,NaN
163,2,5.784341847889505e-10
163,3,1.254808317414209e-10
163,4,1.8421587958736106e-9
163,5,5.9653425268029026e-9
163,6,NaN
163,7,NaN
163,8,NaN
163,9,NaN
163,10,NaN
164,2,5.291108302618281e-10
164,3,1.6742202237042029e-10
164,4,4.452534694449065e-9
164,5,4.326024124944771e-9
164,6,NaN
164,7,NaN
164,8,NaN
164,9,NaN
164,10,NaN
165,2,2.381775843014386e-10
165,3,1.371014396459881e-9
165,4,3.002038811293879e-10
165,5,3.3331190991840962e-9
165,6,NaN
165,7,NaN
165,8,NaN
165,9,NaN
165,10,NaN
166,2,3.258540901439211e-10
166,3,2.5080788219192786e-10
166,4,9.253529830591459e-10
166,5,1.2822913418816313e-8
166,6,NaN
166,7,NaN
166,8,NaN
166,9,NaN
166,10,NaN
167,2,1.2183532457161187e-9
167,3,2.3581023788624776e-10
167,4,2.2922637924802523e-8
167,5,1.7732729490312411e-9
167,6,NaN
167,7,NaN
167,8,NaN
167,9,NaN
167,10,NaN
168,2,1.876533800613706e-9
168,3,5.312034892327361e-9
168,4,1.5979708628122734e-9
168,5,3.880269770502428e-9
168,6,NaN
168,7,NaN
168,8,NaN
168,9,NaN
168,10,NaN
169,2,3.3352049311279063e-9
169,3,3.9231070576119e-10
169,4,2.2028325441358548e-9
169,5,3.536504301842852e-9
169,6,NaN
169,7,NaN
169,8,NaN
169,9,NaN
169,10,NaN
170,2,2.2902457847671514e-12
170,3,9.69782439147297e-10
170,4,1.4575427694788005e-8
170,5,6.4601403561524855e-9
170,6,NaN
170,7,NaN
170,8,NaN
170,9,NaN
170,10,NaN
171,2,1.49910796326029e-9
171,3,1.2303973021920305e-9
171,4,1.8432977544563144e-10
171,5,2.175639840008033e-9
171,6,NaN
171,7,NaN
171,8,NaN
171,9,NaN
171,10,NaN
172,2,9.102185645957105e-13
172,3,4.3550137524714897e-10
172,4,8.831531136121224e-10
172,5,3.4884211952602917e-9
172,6,NaN
172,7,NaN
172,8,NaN
172,9,NaN
172,10,NaN
173,2,7.516922357254178e-9
173,3,7.720046357713833e-9
173,4,3.6589748729946546e-9
173,5,9.923479204752813e-10
173,6,NaN
173,7,NaN
173,8,NaN
173,9,NaN
173,10,NaN
174,2,1.4354924901658808e-9
174,3,8.344236386854898e-10
174,4,1.2842958480149021e-9
174,5,1.6736047258592684e-10
174,6,NaN
174,7,NaN
174,8,NaN
174,9,NaN
174,10,NaN
175,2,4.732055383333872e-10
175,3,2.2239892259822726e-8
175,4,1.7942863852124065e-9
175,5,2.832015265360972e-9
175,6,NaN
175,7,NaN
175,8,NaN
175,9,NaN
175,10,NaN
176,2,2.745650746400836e-12
176,3,9.130755768521214e-10
176,4,2.3363095346136726e-9
176,5,7.49178893350745e-9
176,6,NaN
176,7,NaN
176,8,NaN
176,9,NaN
176,10,NaN
177,2,1.8176476456814874e-9
177,3,1.114988829687586e-9
177,4,1.152866815535967e-9
177,5,3.505888943518628e-9
177,6,NaN
177,7,NaN
177,8,NaN
177,9,NaN
177,10,NaN
178,2,5.123952596228847e-11
178,3,1.659968118263687e-9
178,4,7.045178060932836e-10
178,5,2.7428325594151134e-9
178,6,NaN
178,7,NaN
178,8,NaN
178,9,NaN
178,10,NaN
179,2,7.578841928013061e-9
179,3,2.2287773298875085e-9
179,4,2.478902966820567e-10
179,5,2.074572485762492e-9
179,6,NaN
179,7,NaN
179,8,NaN
179,9,NaN
179,10,NaN
180,2,2.6690167772316098e-9
180,3,2.3641091560189956e-9
180,4,1.734593675731166e-8
180,5,3.0695686156944424e-9
180,6,NaN
180,7,NaN
180,8,NaN
180,9,NaN
180,10,NaN
181,2,2.1316423649589588e-11
181,3,9.059508808352929e-10
181,4,1.0362774345879494e-9
181,5,1.6537937403127622e-8
181,6,NaN
181,7,NaN
181,8,NaN
181,9,NaN
181,10,NaN
182,2,2.527890787562342e-9
182,3,6.027981619335201e-9
182,4,5.187734980285831e-9
182,5,9.436861306738184e-11
182,6,NaN
182,7,NaN
182,8,NaN
182,9,NaN
182,10,NaN
183,2,6.098008941758638e-9
183,3,6.601214593481165e-9
183,4,9.559763708013847e-9
183,5,1.911780210838752e-9
183,6,NaN
183,7,NaN
183,8,NaN
183,9,NaN
183,10,NaN
184,2,4.0209874617368743e-10
184,3,3.0854073575610508e-9
184,4,2.2841360375343881e-10
184,5,1.6299306296815507e-9
184,6,NaN
184,7,NaN
184,8,NaN
184,9,NaN
184,10,NaN
185,2,1.3001393943429712e-9
185,3,8.153184078026029e-9
185,4,1.89762668214218e-9
185,5,1.3647742472072592e-8
185,6,NaN
185,7,NaN
185,8,NaN
185,9,NaN
185,10,NaN
186,2,8.390726186270403e-12
186,3,2.002337423146953e-9
186,4,1.3369034052641014e-9
186,5,2.584816829430552e-9
186,6,NaN
186,7,NaN
186,8,NaN
186,9,NaN
186,10,NaN
187,2,4.8082434572954186e-11
187,3,6.178343413486468e-10
187,4,7.695842569007381e-9
187,5,1.3051805533392444e-9
187,6,NaN
187,7,NaN
187,8,NaN
187,9,NaN
187,10,NaN
188,2,4.4279117143114397e-10
188,3,1.0281701101636408e-10
188,4,1.4064193837335416e-9
188,5,4.959912508794312e-9
188,6,NaN
188,7,NaN
188,8,NaN
188,9,NaN
188,10,NaN
189,2,3.165002686090558e-9
189,3,6.968155852718925e-10
189,4,1.9315680769358198e-9
189,5,3.9426055278767635e-9
189,6,NaN
189,7,NaN
189,8,NaN
189,9,NaN
189,10,NaN
190,2,8.091896711338659e-11
190,3,9.566550301829335e-10
190,4,4.685989948882201e-9
190,5,7.237513760191438e-10
190,6,NaN
190,7,NaN
190,8,NaN
190,9,NaN
190,10,NaN
191,2,1.3661698786048807e-8
191,3,1.2793008906937708e-9
191,4,2.5426754515453748e-9
191,5,1.3130160449189987e-8
191,6,NaN
191,7,NaN
191,8,NaN
191,9,NaN
191,10,NaN
192,2,7.476217300524457e-9
192,3,3.197460410418355e-10
192,4,1.9332687797135823e-9
192,5,1.7363944155051265e-9
192,6,NaN
192,7,NaN
192,8,NaN
192,9,NaN
192,10,NaN
193,2,3.4157449589700536e-10
193,3,6.917949650412164e-11
193,4,3.396662419930782e-9
193,5,9.98372242417603e-10
193,6,NaN
193,7,NaN
193,8,NaN
193,9,NaN
193,10,NaN
194,2,4.434923497998434e-11
194,3,3.2962291018628273e-9
194,4,9.871410584822666e-10
194,5,5.515856850211926e-9
194,6,NaN
194,7,NaN
194,8,NaN
194,9,NaN
194,10,NaN
195,2,1.4195407342652206e-10
195,3,8.471320444393319e-10
195,4,3.930589755641648e-9
195,5,3.2770753399371818e-9
195,6,NaN
195,7,NaN
195,8,NaN
195,9,NaN
195,10,NaN
196,2,4.6096703657992013e-10
196,3,6.583355178052134e-9
196,4,1.7290482209887243e-8
196,5,5.857503574718907e-9
196,6,NaN
196,7,NaN
196,8,NaN
196,9,NaN
196,10,NaN
197,2,2.2650818665315931e-10
197,3,1.7752252163153224e-9
197,4,2.4340908930788864e-9
197,5,9.391855032958124e-9
197,6,NaN
197,7,NaN
197,8,NaN
197,9,NaN
197,10,NaN
198,2,2.8756615173201326e-9
198,3,6.945133059151896e-9
198,4,2.0173428551200934e-9
198,5,4.764878230573858e-9
198,6,NaN
198,7,NaN
198,8,NaN
198,9,NaN
198,10,NaN
199,2,1.1712002193074165e-10
199,3,7.382478191090496e-11
199,4,7.463460660714306e-9
199,5,NaN
199,6,NaN
199,7,NaN
199,8,NaN
199,9,NaN
199,10,NaN
200,2,3.4809202179198954e-10
200,3,3.5186157837463013e-10
200,4,1.2573273012864375e-9
200,5,NaN
200,6,NaN
200,7,NaN
200,8,NaN
200,9,NaN
200,10,NaN
